﻿Designator,Footprint,Quantity,Value,LCSC Part #
"C10, C11, C12, C13, C14, C15, C16, C17, C18, C19, C20, C21, C22, C23, C24, C25, C26, C3, C35, C36, C37, C38, C39, C4, C40, C41, C5, C51, C53, C55, C56, C57, C59, C6, C60, C62, C63, C7, C76, C8, C9",0402,41,100n,C1525
"C27, C64, C68, C72, C77",CP_EIA-3216-18_Kemet-A,5,22u,C11366
"C42, C43, C44, C45, C46, C47, C50, C52, C54, C58, C61, C75",0603,12,4u7,C19666
"C65, C66, C67, C69, C70, C71, C73, C74",0402,8,10n,C15195
D1,D_SOD-523,1,1N4148WT-7,C83482
J1,IDC-Header_2x05_P2.54mm_Vertical,1,JTAG,SBH11-PBPC-D05-ST-BK
J2,PinSocket_2x32_P2.54mm_Vertical,1,Bus Expansion,
J3,HDMI_A_Amphenol_10029449-x01xLF_Horizontal,1,DVI,C428493
J4,IDC-Header_2x05_P2.54mm_Vertical,1,FPGA_SPI,SBH11-PBPC-D05-ST-BK
J6,PinHeader_1x06_P2.54mm_Vertical,1,AUDIO,
"L1, L2, L3",0603,3,600R@100MHz,C6807729
Q1,Oscillator_SMD_SeikoEpson_SG210-4Pin_2.5x2.0mm,1,12MHz,C387449
"R1, R25, R26, R28, R31, R32, R34, R37, R42",0402,9,0R,C17168
"R10, R11, R12, R13, R14, R16, R17, R18, R19, R39, R40, R41, R44, R5, R6, R7, R8, R9",0402,18,10K,C25744
"R2, R3, R38",0402,3,2K,C4109
R24,0603,1,100R,C22775
R4,0402,1,510R,C25123
U1,TSOP-II-54_22.2x10.16mm_P0.8mm,1,MT48LC16M16A2P,C41881
"U10, U3, U4, U5, U6, U7, U8, U9",TSSOP-20_4.4x6.5mm_P0.65mm,8,TXS0108EPW,C17206
U11,SOIC-8_5.23x5.23mm_P1.27mm,1,W25Q32JVSSIQ,C179173
U12,SOT-23-5,1,TLV75512PDBV,C2877864
"U13, U18",SOT-23-5,2,TLV75533PDBV,C404027
U14,HTQFP-64-1EP_10x10mm_P0.5mm_EP8x8mm_Mask4.4x4.4mm_ThermalVias,1,TFP410PAP,C1543847
U15,QFN-48-1EP_7x7mm_P0.5mm_EP5.6x5.6mm,1,ICE40UP5K-SG48I,C2678152
U2,TQFP-100_14x14mm_P0.5mm,1,ATF1508AS-10AU100,C2921079
